/*
Navicat MySQL Data Transfer

Source Server         : zll
Source Server Version : 50715
Source Host           : localhost:3306
Source Database       : new_bosses

Target Server Type    : MYSQL
Target Server Version : 50715
File Encoding         : 65001

Date: 2019-04-10 20:00:42
*/

SET FOREIGN_KEY_CHECKS=0;

-- ----------------------------
-- Table structure for `new_local`
-- ----------------------------
DROP TABLE IF EXISTS `new_local`;
CREATE TABLE `new_local` (
  `schLocal` int(11) NOT NULL,
  `localName` varchar(255) NOT NULL,
  PRIMARY KEY (`schLocal`)
) ENGINE=InnoDB DEFAULT CHARSET=utf8;

-- ----------------------------
-- Records of new_local
-- ----------------------------
INSERT INTO `new_local` VALUES ('1', '东北');
INSERT INTO `new_local` VALUES ('2', '华北');
INSERT INTO `new_local` VALUES ('3', '华东');
INSERT INTO `new_local` VALUES ('4', '华中');
INSERT INTO `new_local` VALUES ('5', '华南');
INSERT INTO `new_local` VALUES ('6', '西北');
INSERT INTO `new_local` VALUES ('7', '西南');
INSERT INTO `new_local` VALUES ('8', '港澳台');

-- ----------------------------
-- Table structure for `new_note`
-- ----------------------------
DROP TABLE IF EXISTS `new_note`;
CREATE TABLE `new_note` (
  `noteId` int(20) NOT NULL AUTO_INCREMENT COMMENT '具体文章编号',
  `userId` int(255) NOT NULL,
  `title` varchar(50) NOT NULL COMMENT '文章标题',
  `content` text COMMENT '文章内容',
  `typeId` int(100) NOT NULL COMMENT '主题类型',
  `pubTime` timestamp NOT NULL DEFAULT '0000-00-00 00:00:00' ON UPDATE CURRENT_TIMESTAMP COMMENT '发布时间',
  PRIMARY KEY (`noteId`)
) ENGINE=InnoDB AUTO_INCREMENT=21 DEFAULT CHARSET=utf8;

-- ----------------------------
-- Records of new_note
-- ----------------------------
INSERT INTO `new_note` VALUES ('1', '1', '大学是啥样的', '大学是啥样的', '1', '2019-03-28 00:18:59');
INSERT INTO `new_note` VALUES ('2', '2', '清华nb', '666', '2', '2019-03-28 00:19:08');
INSERT INTO `new_note` VALUES ('3', '3', '世界屋脊上的大学', '世界屋脊上的大学，世界屋脊上的智慧殿堂。', '3', '2019-03-28 00:19:12');
INSERT INTO `new_note` VALUES ('4', '4', 'fsfs', '<p>dsff!</p>', '1', '2019-04-10 09:39:31');
INSERT INTO `new_note` VALUES ('5', '5', 'effefe', 'rgrr', '1', '2019-03-28 00:19:15');
INSERT INTO `new_note` VALUES ('6', '5', 'sfe', 'fht', '1', '2019-03-28 00:19:16');
INSERT INTO `new_note` VALUES ('7', '5', 'aegf', 'drg', '2', '2019-03-28 00:19:19');
INSERT INTO `new_note` VALUES ('8', '4', '大家好', '<p>啊啊啊啊啊aaa</p>', '1', '2019-04-05 16:04:11');
INSERT INTO `new_note` VALUES ('9', '3', '大家好', '<p>珠穆朗玛峰 我来了。</p>', '3', '2019-03-31 17:24:35');
INSERT INTO `new_note` VALUES ('10', '3', '大家好', '<p>qfqfq</p>', '1', '2019-03-31 17:24:39');
INSERT INTO `new_note` VALUES ('11', '1', 'you', 'el psycongle', '6', '2019-03-31 17:03:26');
INSERT INTO `new_note` VALUES ('12', '9', '复旦大学介绍', '<p><span style=\"font-size: 22px;\">简介</span></p><p>&nbsp;&nbsp;&nbsp;&nbsp;&nbsp;&nbsp;&nbsp;&nbsp;复旦大学（Fudan University），简称“复旦”，位于中国<a target=\"_blank\" href=\"https://baike.baidu.com/item/%E4%B8%8A%E6%B5%B7/114606\" style=\"color: rgb(19, 110, 194); text-decoration-line: none;\">上海</a>，由<a target=\"_blank\" href=\"https://baike.baidu.com/item/%E4%B8%AD%E5%8D%8E%E4%BA%BA%E6%B0%91%E5%85%B1%E5%92%8C%E5%9B%BD%E6%95%99%E8%82%B2%E9%83%A8/3507526\" style=\"color: rgb(19, 110, 194); text-decoration-line: none;\">中华人民共和国教育部</a>直属，中央直管<a target=\"_blank\" href=\"https://baike.baidu.com/item/%E5%89%AF%E9%83%A8%E7%BA%A7\" style=\"color: rgb(19, 110, 194); text-decoration-line: none;\">副部级</a>建制，国家<a target=\"_blank\" href=\"https://baike.baidu.com/item/%E5%8F%8C%E4%B8%80%E6%B5%81/19394525\" style=\"color: rgb(19, 110, 194); text-decoration-line: none;\">双一流</a>（A类）、<a target=\"_blank\" href=\"https://baike.baidu.com/item/985%E5%B7%A5%E7%A8%8B/1077915\" style=\"color: rgb(19, 110, 194); text-decoration-line: none;\">985工程</a>、<a target=\"_blank\" href=\"https://baike.baidu.com/item/211%E5%B7%A5%E7%A8%8B/203547\" style=\"color: rgb(19, 110, 194); text-decoration-line: none;\">211工程</a>建设高校，入选<a target=\"_blank\" href=\"https://baike.baidu.com/item/%E7%8F%A0%E5%B3%B0%E8%AE%A1%E5%88%92/4156302\" style=\"color: rgb(19, 110, 194); text-decoration-line: none;\">珠峰计划</a>、<a target=\"_blank\" href=\"https://baike.baidu.com/item/111%E8%AE%A1%E5%88%92\" style=\"color: rgb(19, 110, 194); text-decoration-line: none;\">111计划</a>、<a target=\"_blank\" href=\"https://baike.baidu.com/item/2011%E8%AE%A1%E5%88%92\" style=\"color: rgb(19, 110, 194); text-decoration-line: none;\">2011计划</a>、<a target=\"_blank\" href=\"https://baike.baidu.com/item/%E5%8D%93%E8%B6%8A%E5%8C%BB%E7%94%9F%E6%95%99%E8%82%B2%E5%9F%B9%E5%85%BB%E8%AE%A1%E5%88%92/3805307\" style=\"color: rgb(19, 110, 194); text-decoration-line: none;\">卓越医生教育培养计划</a>、<a target=\"_blank\" href=\"https://baike.baidu.com/item/%E5%8D%93%E8%B6%8A%E6%B3%95%E5%BE%8B%E4%BA%BA%E6%89%8D%E6%95%99%E8%82%B2%E5%9F%B9%E5%85%BB%E8%AE%A1%E5%88%92/9781317\" style=\"color: rgb(19, 110, 194); text-decoration-line: none;\">卓越法律人才教育培养计划</a>、<a target=\"_blank\" href=\"https://baike.baidu.com/item/%E5%9B%BD%E5%AE%B6%E5%BB%BA%E8%AE%BE%E9%AB%98%E6%B0%B4%E5%B9%B3%E5%A4%A7%E5%AD%A6%E5%85%AC%E6%B4%BE%E7%A0%94%E7%A9%B6%E7%94%9F%E9%A1%B9%E7%9B%AE/819876\" style=\"color: rgb(19, 110, 194); text-decoration-line: none;\">国家建设高水平大学公派研究生项目</a>，<a target=\"_blank\" href=\"https://baike.baidu.com/item/%E4%B9%9D%E6%A0%A1%E8%81%94%E7%9B%9F/2059866\" style=\"color: rgb(19, 110, 194); text-decoration-line: none;\">九校联盟</a>（C9）、<a target=\"_blank\" href=\"https://baike.baidu.com/item/%E4%B8%AD%E5%9B%BD%E5%A4%A7%E5%AD%A6%E6%A0%A1%E9%95%BF%E8%81%94%E8%B0%8A%E4%BC%9A/9327515\" style=\"color: rgb(19, 110, 194); text-decoration-line: none;\">中国大学校长联谊会</a>、<a target=\"_blank\" href=\"https://baike.baidu.com/item/%E4%B8%9C%E4%BA%9A%E7%A0%94%E7%A9%B6%E5%9E%8B%E5%A4%A7%E5%AD%A6%E5%8D%8F%E4%BC%9A/7175291\" style=\"color: rgb(19, 110, 194); text-decoration-line: none;\">东亚研究型大学协会</a>、<a target=\"_blank\" href=\"https://baike.baidu.com/item/%E7%8E%AF%E5%A4%AA%E5%B9%B3%E6%B4%8B%E5%A4%A7%E5%AD%A6%E5%8D%8F%E4%BC%9A/5346692\" style=\"color: rgb(19, 110, 194); text-decoration-line: none;\">环太平洋大学协会</a>的重要成员，是一所世界知名、国内顶尖的<a target=\"_blank\" href=\"https://baike.baidu.com/item/%E5%85%A8%E5%9B%BD%E9%87%8D%E7%82%B9%E5%A4%A7%E5%AD%A6/2154589\" style=\"color: rgb(19, 110, 194); text-decoration-line: none;\">全国重点大学</a>。<span class=\"sup--normal\" style=\"font-size: 12px; line-height: 0; position: relative; vertical-align: baseline; top: -0.5em; margin-left: 2px; color: rgb(51, 102, 204); cursor: pointer; padding: 0px 2px;\">&nbsp;[1-2]</span><a class=\"sup-anchor\" style=\"color: rgb(19, 110, 194); position: relative; top: -50px; font-size: 0px; line-height: 0;\">&nbsp;</a></p><p>复旦大学创建于1905年，原名<a target=\"_blank\" href=\"https://baike.baidu.com/item/%E5%A4%8D%E6%97%A6%E5%85%AC%E5%AD%A6/1829384\" style=\"color: rgb(19, 110, 194); text-decoration-line: none;\">复旦公学</a>，是中国人自主创办的第一所高等院校，创始人为教育家<a target=\"_blank\" href=\"https://baike.baidu.com/item/%E9%A9%AC%E7%9B%B8%E4%BC%AF/2009920\" style=\"color: rgb(19, 110, 194); text-decoration-line: none;\">马相伯</a>，首任校董为<a target=\"_blank\" href=\"https://baike.baidu.com/item/%E5%AD%99%E4%B8%AD%E5%B1%B1/128084\" style=\"color: rgb(19, 110, 194); text-decoration-line: none;\">孙中山</a>。校名“复旦”二字选自《<a target=\"_blank\" href=\"https://baike.baidu.com/item/%E5%B0%9A%E4%B9%A6%E5%A4%A7%E4%BC%A0/9626183\" style=\"color: rgb(19, 110, 194); text-decoration-line: none;\">尚书大传</a>·虞夏传》名句“日月光华，旦复旦兮”，意在自强不息，寄托当时中国知识分子自主办学、教育强国的希望。1917年改为私立复旦大学；1937年抗战爆发后，学校内迁重庆<a target=\"_blank\" href=\"https://baike.baidu.com/item/%E5%8C%97%E7%A2%9A\" style=\"color: rgb(19, 110, 194); text-decoration-line: none;\">北碚</a>，并于1942年元旦改为“国立”；1946年迁回上海<a target=\"_blank\" href=\"https://baike.baidu.com/item/%E6%B1%9F%E6%B9%BE/1502392\" style=\"color: rgb(19, 110, 194); text-decoration-line: none;\">江湾</a>原址；1952年院系调整后，复旦大学成为以文理科为基础的综合性大学；1959年成为<a target=\"_blank\" href=\"https://baike.baidu.com/item/%E5%85%A8%E5%9B%BD%E9%87%8D%E7%82%B9%E5%A4%A7%E5%AD%A6/2154589\" style=\"color: rgb(19, 110, 194); text-decoration-line: none;\">全国重点大学</a>。2000年，原复旦大学与原<a target=\"_blank\" href=\"https://baike.baidu.com/item/%E4%B8%8A%E6%B5%B7%E5%8C%BB%E7%A7%91%E5%A4%A7%E5%AD%A6/617255\" style=\"color: rgb(19, 110, 194); text-decoration-line: none;\">上海医科大学</a>合并成新的复旦大学。截至2017年5月，学校占地面积244.99万平方米，建筑面积200.20万平方米。</p><p>复旦师生谨记“<a target=\"_blank\" href=\"https://baike.baidu.com/item/%E5%8D%9A%E5%AD%A6%E8%80%8C%E7%AC%83%E5%BF%97/8948396\" style=\"color: rgb(19, 110, 194); text-decoration-line: none;\">博学而笃志</a>，切问而近思”的<a target=\"_blank\" href=\"https://baike.baidu.com/item/%E6%A0%A1%E8%AE%AD/8671060\" style=\"color: rgb(19, 110, 194); text-decoration-line: none;\">校训</a>，严守“文明、健康、团结、奋发”的校风，力行“刻苦、严谨、求实、创新”的学风，发扬“爱国奉献、学术独立、<a target=\"_blank\" href=\"https://baike.baidu.com/item/%E6%B5%B7%E7%BA%B3%E7%99%BE%E5%B7%9D/721194\" style=\"color: rgb(19, 110, 194); text-decoration-line: none;\">海纳百川</a>、追求卓越”的复旦精神，以服务国家为己任，以培养人才为根本，以改革开放为动力，为实现<a target=\"_blank\" href=\"https://baike.baidu.com/item/%E4%B8%AD%E5%9B%BD%E6%A2%A6/60483\" style=\"color: rgb(19, 110, 194); text-decoration-line: none;\">中国梦</a>作出新贡献。</p><p><span style=\"font-size: 22px;\">科学研究</span></p><p><a class=\"lemma-anchor para-title\" style=\"color: rgb(19, 110, 194); position: absolute; top: -50px;\"></a><a class=\"lemma-anchor \" style=\"color: rgb(19, 110, 194); position: absolute; top: -50px;\"></a><a class=\"lemma-anchor \" style=\"color: rgb(19, 110, 194); position: absolute; top: -50px;\"></a><a class=\"lemma-anchor \" style=\"color: rgb(19, 110, 194); position: absolute; top: -50px;\"></a></p><h3 class=\"title-text\" style=\"margin: 0px; padding: 0px; font-size: 18px; font-weight: 400;\">科研平台</h3><p>&nbsp;&nbsp;&nbsp;&nbsp;&nbsp;&nbsp;&nbsp;&nbsp;据2016年学校官网信息显示，复旦大学有<a target=\"_blank\" href=\"https://baike.baidu.com/item/%E5%9B%BD%E5%AE%B6%E9%87%8D%E7%82%B9%E5%AE%9E%E9%AA%8C%E5%AE%A4\" style=\"color: rgb(19, 110, 194); text-decoration-line: none;\">国家重点实验室</a>5个、“985工程”科技创新平台6个、“985工程”哲学社会科学创新基地7个、教育部人文社会科学重点研究基地8个、<a target=\"_blank\" href=\"https://baike.baidu.com/item/%E6%95%99%E8%82%B2%E9%83%A8%E9%87%8D%E7%82%B9%E5%AE%9E%E9%AA%8C%E5%AE%A4/7517869\" style=\"color: rgb(19, 110, 194); text-decoration-line: none;\">教育部重点实验室</a>12个、<a target=\"_blank\" href=\"https://baike.baidu.com/item/%E6%95%99%E8%82%B2%E9%83%A8%E5%B7%A5%E7%A8%8B%E7%A0%94%E7%A9%B6%E4%B8%AD%E5%BF%83/4467167\" style=\"color: rgb(19, 110, 194); text-decoration-line: none;\">教育部工程研究中心</a>4个、<a target=\"_blank\" href=\"https://baike.baidu.com/item/%E5%8D%AB%E7%94%9F%E9%83%A8%E9%87%8D%E7%82%B9%E5%AE%9E%E9%AA%8C%E5%AE%A4/4222922\" style=\"color: rgb(19, 110, 194); text-decoration-line: none;\">卫生部重点实验室</a>9个、总后卫生部重点实验室1个、上海市重点实验室10个、上海工程研究中心2个。</p><table><caption style=\"font-weight: 700; padding: 8px 0px 9px; font-size: 14px;\">科研机构</caption><tbody><tr class=\"firstRow\"><th style=\"padding-top: 2px; padding-bottom: 2px; line-height: 22px; height: 23px; border-color: rgb(230, 230, 230); text-align: left; background-color: rgb(248, 248, 248);\">平台类别</th><th style=\"padding-top: 2px; padding-bottom: 2px; line-height: 22px; height: 23px; border-color: rgb(230, 230, 230); text-align: left; background-color: rgb(248, 248, 248);\">平台概览</th></tr><tr><td width=\"156\" align=\"center\" valign=\"middle\" style=\"margin: 0px; padding-top: 2px; padding-bottom: 2px; line-height: 22px; border-color: rgb(230, 230, 230);\"><span style=\"font-weight: 700;\">国家重点实验室</span></td><td width=\"498\" align=\"left\" valign=\"top\" style=\"margin: 0px; padding-top: 2px; padding-bottom: 2px; line-height: 22px; border-color: rgb(230, 230, 230);\">应用表面物理国家重点实验室、专用集成电路与系统国家重点实验室、遗传工程国家重点实验室、医学神经生物学国家重点实验室、聚合物分子工程国家重点实验室</td></tr><tr><td width=\"112\" align=\"center\" valign=\"middle\" style=\"margin: 0px; padding-top: 2px; padding-bottom: 2px; line-height: 22px; border-color: rgb(230, 230, 230);\"><span style=\"font-weight: 700;\">“985工程”科技创新平台　</span></td><td width=\"498\" align=\"left\" valign=\"top\" style=\"margin: 0px; padding-top: 2px; padding-bottom: 2px; line-height: 22px; border-color: rgb(230, 230, 230);\">先进材料实验室、生物医学研究院、脑科学研究院、微纳电子科技创新平台、数理研究科技创新平台、微纳加工与器件公共实验室</td></tr><tr><td width=\"112\" align=\"center\" valign=\"middle\" style=\"margin: 0px; padding-top: 2px; padding-bottom: 2px; line-height: 22px; border-color: rgb(230, 230, 230);\"><span style=\"font-weight: 700;\">“985工程”哲学社会科学创新基地</span></td><td width=\"498\" align=\"left\" valign=\"top\" style=\"margin: 0px; padding-top: 2px; padding-bottom: 2px; line-height: 22px; border-color: rgb(230, 230, 230);\">历史地理研究国家哲学社会科学创新基地、国外马克思主义与国外思潮研究国家哲学社会科学创新基地、美国研究国家哲学社会科学创新基地、中国经济国际竞争力研究国家哲学社会科学创新基地、公共管理与公共政策研究国家哲学社会科学创新基地、新闻传播与媒介化社会研究国家哲学社会科学创新基地、出土文献与古文字研究中心</td></tr><tr><td width=\"112\" align=\"center\" valign=\"middle\" style=\"margin: 0px; padding-top: 2px; padding-bottom: 2px; line-height: 22px; border-color: rgb(230, 230, 230);\"><span style=\"font-weight: 700;\">教育部人文社会科学重点研究基地</span></td><td width=\"498\" align=\"left\" valign=\"top\" style=\"margin: 0px; padding-top: 2px; padding-bottom: 2px; line-height: 22px; border-color: rgb(230, 230, 230);\">中国古代文学研究中心、历史地理研究中心、当代国外马克思主义研究中心、中国社会主义市场经济研究中心、传播与信息研究中心、美国研究中心、世界经济研究所、中外现代化进程研究中心</td></tr><tr><td width=\"112\" align=\"center\" valign=\"middle\" style=\"margin: 0px; padding-top: 2px; padding-bottom: 2px; line-height: 22px; border-color: rgb(230, 230, 230);\"><span style=\"font-weight: 700;\">教育部重点实验室　</span></td><td width=\"498\" align=\"left\" valign=\"top\" style=\"margin: 0px; padding-top: 2px; padding-bottom: 2px; line-height: 22px; border-color: rgb(230, 230, 230);\">非线性数学模型与方法、计算物质科学、微纳光子结构、应用离子束物理、现代人类学、生物多样性与生态工程、医学分子病毒学、分子医学、智能化递药、公共卫生安全、癌变与侵袭原理、B类重点实验室</td></tr><tr><td width=\"112\" align=\"center\" valign=\"middle\" style=\"margin: 0px; padding-top: 2px; padding-bottom: 2px; line-height: 22px; border-color: rgb(230, 230, 230);\"><span style=\"font-weight: 700;\">教育部工程研究中心</span></td><td width=\"498\" align=\"left\" valign=\"top\" style=\"margin: 0px; padding-top: 2px; padding-bottom: 2px; line-height: 22px; border-color: rgb(230, 230, 230);\">先进涂料工程研究中心、网络信息安全审计与监控工程研究中心、先进仪器制造教育部工程研究中心、先进照明技术教育部工程研究中心</td></tr><tr><td width=\"112\" align=\"center\" valign=\"middle\" style=\"margin: 0px; padding-top: 2px; padding-bottom: 2px; line-height: 22px; border-color: rgb(230, 230, 230);\"><span style=\"font-weight: 700;\">卫生部重点实验室</span></td><td width=\"498\" align=\"left\" valign=\"top\" style=\"margin: 0px; padding-top: 2px; padding-bottom: 2px; line-height: 22px; border-color: rgb(230, 230, 230);\">糖复合物、抗生素临床药理、手功能重建、医学技术评估、医学分子病毒学、听觉医学、近视眼研究、癌变与侵袭原理、新生儿疾病</td></tr><tr><td width=\"112\" align=\"center\" valign=\"middle\" style=\"margin: 0px; padding-top: 2px; padding-bottom: 2px; line-height: 22px; border-color: rgb(230, 230, 230);\"><span style=\"font-weight: 700;\">总后卫生部重点实验室</span></td><td width=\"498\" align=\"left\" valign=\"top\" style=\"margin: 0px; padding-top: 2px; padding-bottom: 2px; line-height: 22px; border-color: rgb(230, 230, 230);\">全军智能化递药</td></tr><tr><td width=\"112\" align=\"center\" valign=\"middle\" style=\"margin: 0px; padding-top: 2px; padding-bottom: 2px; line-height: 22px; border-color: rgb(230, 230, 230);\"><span style=\"font-weight: 700;\">上海市重点实验室</span></td><td width=\"498\" align=\"left\" valign=\"top\" style=\"margin: 0px; padding-top: 2px; padding-bottom: 2px; line-height: 22px; border-color: rgb(230, 230, 230);\">现代应用数学、分子催化与功能材料、智能信息处理、周围神经显微外科、医学图像处理与计算机辅助手术、器官移植、女性生殖内分泌相关疾病、大气颗粒物污染防治、视觉损害与重建（筹）、乳腺肿瘤（筹）</td></tr><tr><td width=\"112\" align=\"center\" valign=\"middle\" style=\"margin: 0px; padding-top: 2px; padding-bottom: 2px; line-height: 22px; border-color: rgb(230, 230, 230);\"><span style=\"font-weight: 700;\">上海工程研究中心</span></td><td width=\"498\" align=\"left\" valign=\"top\" style=\"margin: 0px; padding-top: 2px; padding-bottom: 2px; line-height: 22px; border-color: rgb(230, 230, 230);\">上海超精密光学制造工程技术研究中心、上海消化内镜诊疗工程技术研究中心</td></tr><tr><td align=\"center\" valign=\"middle\" colspan=\"2\" rowspan=\"1\" style=\"margin: 0px; padding-top: 2px; padding-bottom: 2px; line-height: 22px; border-color: rgb(230, 230, 230); word-break: break-all;\"><br/></td></tr></tbody></table><p><br/></p>', '17', '2019-04-09 00:26:27');
INSERT INTO `new_note` VALUES ('13', '8', '郑州大学介绍', '<ul class=\"lemmaWgt-lemmaTitle lemmaWgt-lemmaTitle- list-paddingleft-2\" style=\"margin: 0px 0px 10px; padding: 0px; width: 700px;\"><li><h1 style=\"margin: 0px 10px 0px 0px; padding: 0px; font-size: 38px; height: 55px; line-height: 1.15; font-weight: 400; display: inline; vertical-align: sub;\">郑州大学</h1><p><br/></p></li><li><h3 style=\"margin: 0px; padding: 0px; font-size: 16px; font-weight: 400;\">Zhengzhou University</h3></li><li><p><br/></p></li><ul style=\"list-style-type: none;\" class=\" list-paddingleft-2\"><li><p><a href=\"http://baike.baidu.com/wikitag/taglist?tagId=60829#par2\" target=\"_blank\" style=\"color: rgb(61, 140, 219); text-decoration-line: none;\">中国高校</a></p></li></ul></ul><p>&nbsp;&nbsp;&nbsp;&nbsp;&nbsp;&nbsp;&nbsp;&nbsp;郑州大学（<em>Zhengzhou University</em>）简称“郑大”，位于河南省会郑州，是<a target=\"_blank\" href=\"https://baike.baidu.com/item/%E4%B8%AD%E5%8D%8E%E4%BA%BA%E6%B0%91%E5%85%B1%E5%92%8C%E5%9B%BD%E6%95%99%E8%82%B2%E9%83%A8/3507526\" style=\"color: rgb(19, 110, 194); text-decoration-line: none;\">中华人民共和国教育部</a>与河南省人民政府“<a target=\"_blank\" href=\"https://baike.baidu.com/item/%E9%83%A8%E7%9C%81%E5%90%88%E4%BD%9C%E5%85%B1%E5%BB%BA%E9%AB%98%E6%A0%A1/22815586\" style=\"color: rgb(19, 110, 194); text-decoration-line: none;\">部省合作共建高校</a>”，是国家“<a target=\"_blank\" href=\"https://baike.baidu.com/item/%E4%B8%96%E7%95%8C%E4%B8%80%E6%B5%81%E5%A4%A7%E5%AD%A6%E5%BB%BA%E8%AE%BE%E9%AB%98%E6%A0%A1/22189945\" style=\"color: rgb(19, 110, 194); text-decoration-line: none;\">世界一流大学建设高校</a>”、“<a target=\"_blank\" href=\"https://baike.baidu.com/item/211%E5%B7%A5%E7%A8%8B/203547\" style=\"color: rgb(19, 110, 194); text-decoration-line: none;\">211工程</a>”、“<a target=\"_blank\" href=\"https://baike.baidu.com/item/%E4%B8%80%E7%9C%81%E4%B8%80%E6%A0%A1/6117007\" style=\"color: rgb(19, 110, 194); text-decoration-line: none;\">一省一校</a>”重点建设高校。学校入选了国家<a target=\"_blank\" href=\"https://baike.baidu.com/item/2011%E8%AE%A1%E5%88%92/2913309\" style=\"color: rgb(19, 110, 194); text-decoration-line: none;\">2011计划</a><span class=\"sup--normal\" style=\"font-size: 12px; line-height: 0; position: relative; vertical-align: baseline; top: -0.5em; margin-left: 2px; color: rgb(51, 102, 204); cursor: pointer; padding: 0px 2px;\">&nbsp;[1]</span><a class=\"sup-anchor\" style=\"color: rgb(19, 110, 194); position: relative; top: -50px; font-size: 0px; line-height: 0;\">&nbsp;</a>&nbsp;、<a target=\"_blank\" href=\"https://baike.baidu.com/item/111%E8%AE%A1%E5%88%92/10958807\" style=\"color: rgb(19, 110, 194); text-decoration-line: none;\">111计划</a><span class=\"sup--normal\" style=\"font-size: 12px; line-height: 0; position: relative; vertical-align: baseline; top: -0.5em; margin-left: 2px; color: rgb(51, 102, 204); cursor: pointer; padding: 0px 2px;\">&nbsp;[2]</span><a class=\"sup-anchor\" style=\"color: rgb(19, 110, 194); position: relative; top: -50px; font-size: 0px; line-height: 0;\">&nbsp;</a>、<a target=\"_blank\" href=\"https://baike.baidu.com/item/%E5%9B%BD%E5%AE%B6%E5%BB%BA%E8%AE%BE%E9%AB%98%E6%B0%B4%E5%B9%B3%E5%A4%A7%E5%AD%A6%E5%85%AC%E6%B4%BE%E7%A0%94%E7%A9%B6%E7%94%9F%E9%A1%B9%E7%9B%AE/819876\" style=\"color: rgb(19, 110, 194); text-decoration-line: none;\">国家建设高水平大学公派研究生项目</a>、<a target=\"_blank\" href=\"https://baike.baidu.com/item/%E5%8D%93%E8%B6%8A%E5%B7%A5%E7%A8%8B%E5%B8%88%E6%95%99%E8%82%B2%E5%9F%B9%E5%85%BB%E8%AE%A1%E5%88%92\" style=\"color: rgb(19, 110, 194); text-decoration-line: none;\">卓越工程师教育培养计划</a>、<a target=\"_blank\" href=\"https://baike.baidu.com/item/%E5%8D%93%E8%B6%8A%E6%B3%95%E5%BE%8B%E4%BA%BA%E6%89%8D%E6%95%99%E8%82%B2%E5%9F%B9%E5%85%BB%E8%AE%A1%E5%88%92/9781317\" style=\"color: rgb(19, 110, 194); text-decoration-line: none;\">卓越法律人才教育培养计划</a>、<a target=\"_blank\" href=\"https://baike.baidu.com/item/%E5%8D%93%E8%B6%8A%E5%8C%BB%E7%94%9F%E6%95%99%E8%82%B2%E5%9F%B9%E5%85%BB%E8%AE%A1%E5%88%92/3805307\" style=\"color: rgb(19, 110, 194); text-decoration-line: none;\">卓越医生教育培养计划</a>、<a target=\"_blank\" href=\"https://baike.baidu.com/item/%E5%9B%BD%E5%AE%B6%E5%A4%A7%E5%AD%A6%E7%94%9F%E5%88%9B%E6%96%B0%E6%80%A7%E5%AE%9E%E9%AA%8C%E8%AE%A1%E5%88%92/5326077\" style=\"color: rgb(19, 110, 194); text-decoration-line: none;\">国家大学生创新性实验计划</a>、<a target=\"_blank\" href=\"https://baike.baidu.com/item/%E6%95%99%E8%82%B2%E9%83%A8%E6%9D%A5%E5%8D%8E%E7%95%99%E5%AD%A6%E7%A4%BA%E8%8C%83%E5%9F%BA%E5%9C%B0/19650396\" style=\"color: rgb(19, 110, 194); text-decoration-line: none;\">教育部来华留学示范基地</a>、<a target=\"_blank\" href=\"https://baike.baidu.com/item/%E4%B8%AD%E5%9B%BD%E6%94%BF%E5%BA%9C%E5%A5%96%E5%AD%A6%E9%87%91%E6%9D%A5%E5%8D%8E%E7%95%99%E5%AD%A6%E7%94%9F%E6%8E%A5%E6%94%B6%E9%99%A2%E6%A0%A1/15447730\" style=\"color: rgb(19, 110, 194); text-decoration-line: none;\">中国政府奖学金来华留学生接收院校</a>及<a target=\"_blank\" href=\"https://baike.baidu.com/item/%E5%85%A8%E5%9B%BD%E6%B7%B1%E5%8C%96%E5%88%9B%E6%96%B0%E5%88%9B%E4%B8%9A%E6%95%99%E8%82%B2%E6%94%B9%E9%9D%A9%E7%A4%BA%E8%8C%83%E9%AB%98%E6%A0%A1/22051296\" style=\"color: rgb(19, 110, 194); text-decoration-line: none;\">全国深化创新创业教育改革示范高校</a>；拥有国家大学科技园，具有自主招生资格。</p><p>&nbsp;&nbsp;&nbsp;&nbsp;&nbsp;&nbsp;&nbsp;&nbsp;郑州大学医科教育源于1928年的<a target=\"_blank\" href=\"https://baike.baidu.com/item/%E5%9B%BD%E7%AB%8B%E7%AC%AC%E4%BA%94%E4%B8%AD%E5%B1%B1%E5%A4%A7%E5%AD%A6/10342499\" style=\"color: rgb(19, 110, 194); text-decoration-line: none;\">国立第五中山大学</a>，1952年河南医学院独立建院，开启了河南医学高等教育的先河，1984年更名为<a target=\"_blank\" href=\"https://baike.baidu.com/item/%E6%B2%B3%E5%8D%97%E5%8C%BB%E7%A7%91%E5%A4%A7%E5%AD%A6/9332041\" style=\"color: rgb(19, 110, 194); text-decoration-line: none;\">河南医科大学</a>；原郑州大学创建于1956年，是新中国创办的第一所综合性大学，1961年<a target=\"_blank\" href=\"https://baike.baidu.com/item/%E9%83%91%E5%B7%9E%E5%B8%88%E8%8C%83%E5%AD%A6%E9%99%A2/8050905\" style=\"color: rgb(19, 110, 194); text-decoration-line: none;\">郑州师范学院</a>并入，1991年<a target=\"_blank\" href=\"https://baike.baidu.com/item/%E9%BB%84%E6%B2%B3%E5%A4%A7%E5%AD%A6/350449\" style=\"color: rgb(19, 110, 194); text-decoration-line: none;\">黄河大学</a>并入；<a target=\"_blank\" href=\"https://baike.baidu.com/item/%E9%83%91%E5%B7%9E%E5%B7%A5%E4%B8%9A%E5%A4%A7%E5%AD%A6/6774726\" style=\"color: rgb(19, 110, 194); text-decoration-line: none;\">郑州工业大学</a>成立于1963年，是原化工部直属重点院校；2000年7月，原郑州大学、郑州工业大学、<a target=\"_blank\" href=\"https://baike.baidu.com/item/%E6%B2%B3%E5%8D%97%E5%8C%BB%E7%A7%91%E5%A4%A7%E5%AD%A6/9332041\" style=\"color: rgb(19, 110, 194); text-decoration-line: none;\">河南医科大学</a>合并组建新郑州大学。</p><p>&nbsp;&nbsp;&nbsp;&nbsp;&nbsp;&nbsp;&nbsp;&nbsp;截至2018年3月，学校主、南、北、东四个校区占地5700余亩，开设46个院系、114个本科专业；拥有24个博士后科研流动站、30个一级学科博士学位授权点、2个博士专业学位授权点，59个一级学科硕士学位授权点、25个硕士专业学位授权点、19个工程硕士领域；6个学科（领域）ESI排名全球前1%；教职工5700余人，专职院士8人；全日制本科生5.4万余人，硕士、博士研究生1.9万余人。</p><ul class=\" list-paddingleft-2\" style=\"margin: 0px; padding: 0px 20px 0px 0px; border-bottom: 1px dashed rgb(229, 229, 229);\"><li><p>创办时间</p></li><li><p>1956年</p></li></ul><ul class=\" list-paddingleft-2\" style=\"margin: 0px; padding: 0px 20px 0px 0px; border-bottom: 1px dashed rgb(229, 229, 229);\"><li><p>属性</p></li><li><p><a target=\"_blank\" href=\"https://baike.baidu.com/item/211%E5%B7%A5%E7%A8%8B\" style=\"color: rgb(19, 110, 194); text-decoration-line: none;\">211工程</a>（1996年） |<a target=\"_blank\" href=\"https://baike.baidu.com/item/%E4%B8%96%E7%95%8C%E4%B8%80%E6%B5%81%E5%A4%A7%E5%AD%A6%E5%BB%BA%E8%AE%BE%E9%AB%98%E6%A0%A1/22189945\" style=\"color: rgb(19, 110, 194); text-decoration-line: none;\">世界一流大学建设高校</a>（2017年） |<a target=\"_blank\" href=\"https://baike.baidu.com/item/%E9%83%A8%E7%9C%81%E5%90%88%E4%BD%9C%E5%85%B1%E5%BB%BA%E9%AB%98%E6%A0%A1/22815586\" style=\"color: rgb(19, 110, 194); text-decoration-line: none;\">部省合作共建高校</a>（2018年） |<a target=\"_blank\" href=\"https://baike.baidu.com/item/%E4%B8%AD%E8%A5%BF%E9%83%A8%E9%AB%98%E6%A0%A1%E7%BB%BC%E5%90%88%E5%AE%9E%E5%8A%9B%E6%8F%90%E5%8D%87%E5%B7%A5%E7%A8%8B\" style=\"color: rgb(19, 110, 194); text-decoration-line: none;\">中西部高校综合实力提升工程</a>（2012年） |<a target=\"_blank\" href=\"https://baike.baidu.com/item/%E9%AB%98%E7%AD%89%E5%AD%A6%E6%A0%A1%E5%AD%A6%E7%A7%91%E5%88%9B%E6%96%B0%E5%BC%95%E6%99%BA%E8%AE%A1%E5%88%92/10958837\" style=\"color: rgb(19, 110, 194); text-decoration-line: none;\">高等学校学科创新引智计划</a>（2018年）</p></li></ul><ul class=\"bottomLine list-paddingleft-2\" style=\"margin: 0px; padding: 0px 20px 0px 0px; border: 0px; min-height: 34px; line-height: 34px;\"><li><p>主管部门</p></li><li><p>河南省</p></li></ul><ul class=\" list-paddingleft-2\" style=\"margin: 0px; padding: 0px 20px 0px 0px; border-bottom: 1px dashed rgb(229, 229, 229);\"><li><p>类别</p></li><li><p>公立大学</p></li></ul><ul class=\" list-paddingleft-2\" style=\"margin: 0px; padding: 0px 20px 0px 0px; border-bottom: 1px dashed rgb(229, 229, 229);\"><li><p>知名校友</p></li><li><p><a target=\"_blank\" href=\"https://baike.baidu.com/item/%E9%99%88%E5%85%A8%E5%9B%BD\" style=\"color: rgb(19, 110, 194); text-decoration-line: none;\">陈全国</a>、<a target=\"_blank\" href=\"https://baike.baidu.com/item/%E6%9D%8E%E6%9C%9D%E5%86%9B/61027\" style=\"color: rgb(19, 110, 194); text-decoration-line: none;\">李朝军</a>、<a target=\"_blank\" href=\"https://baike.baidu.com/item/%E5%BC%A0%E5%AE%8F%E6%B1%9F\" style=\"color: rgb(19, 110, 194); text-decoration-line: none;\">张宏江</a>、<a target=\"_blank\" href=\"https://baike.baidu.com/item/%E5%90%89%E7%82%B3%E8%BD%A9\" style=\"color: rgb(19, 110, 194); text-decoration-line: none;\">吉炳轩</a>、<a target=\"_blank\" href=\"https://baike.baidu.com/item/%E4%BB%BB%E5%BB%BA%E5%8D%8E/18458608\" style=\"color: rgb(19, 110, 194); text-decoration-line: none;\">任建华</a>、<a target=\"_blank\" href=\"https://baike.baidu.com/item/%E5%AE%8B%E7%85%A7%E8%82%83/5525826\" style=\"color: rgb(19, 110, 194); text-decoration-line: none;\">宋照肃</a>、<a target=\"_blank\" href=\"https://baike.baidu.com/item/%E7%8E%8B%E6%8C%AF%E6%B0%91/73165\" style=\"color: rgb(19, 110, 194); text-decoration-line: none;\">王振民</a>等</p></li></ul><ul class=\"bottomLine list-paddingleft-2\" style=\"margin: 0px; padding: 0px 20px 0px 0px; border: 0px; min-height: 34px; line-height: 34px;\"><li><p>学校官网</p></li><li><p><a target=\"_blank\" href=\"http://www.zzu.edu.cn/\" style=\"color: rgb(19, 110, 194); text-decoration-line: none;\">http://www.zzu.edu.cn</a></p></li></ul><p><br/></p>', '17', '2019-04-09 00:44:47');
INSERT INTO `new_note` VALUES ('14', '7', '中山大学介绍', '<p><br/></p><ul class=\"lemmaWgt-lemmaTitle lemmaWgt-lemmaTitle- list-paddingleft-2\" style=\"margin: 0px 0px 10px; padding: 0px; width: 700px; font-family: arial, tahoma, &quot;Microsoft Yahei&quot;, 宋体, sans-serif; color: rgb(51, 51, 51); font-size: 12px; white-space: normal; background-color: rgb(255, 255, 255);\"><li class=\"lemmaWgt-lemmaTitle-title\" style=\"\"><h1 style=\"margin: 0px 10px 0px 0px; padding: 0px; font-size: 38px; height: 55px; line-height: 1.15; font-weight: 400; display: inline; vertical-align: sub;\">中山大学</h1><p><br/></p></li><li class=\"lemmaWgt-lemmaTitle-subTitle\" style=\"\"><h3 style=\"margin: 0px; padding: 0px; font-size: 16px; font-weight: 400;\">Sun Yat-sen University</h3></li></ul><p>中山大学（<em>Sun Yat-sen University, SYSU</em>），简称“<a target=\"_blank\" href=\"https://baike.baidu.com/item/%E4%B8%AD%E5%A4%A7/81398\" style=\"color: rgb(19, 110, 194); text-decoration-line: none;\"><span style=\"font-weight: 700;\">中大</span></a>”，由<a target=\"_blank\" href=\"https://baike.baidu.com/item/%E5%AD%99%E4%B8%AD%E5%B1%B1/128084\" style=\"color: rgb(19, 110, 194); text-decoration-line: none;\">孙中山</a>先生创办，有着一百多年办学传统，是中国南方科学研究、文化学术与人才培养的重镇。<span class=\"sup--normal\" style=\"font-size: 12px; line-height: 0; position: relative; vertical-align: baseline; top: -0.5em; margin-left: 2px; color: rgb(51, 102, 204); cursor: pointer; padding: 0px 2px;\">&nbsp;</span></p><p>中山大学由<a target=\"_blank\" href=\"https://baike.baidu.com/item/%E4%B8%AD%E5%8D%8E%E4%BA%BA%E6%B0%91%E5%85%B1%E5%92%8C%E5%9B%BD%E6%95%99%E8%82%B2%E9%83%A8/3507526\" style=\"color: rgb(19, 110, 194); text-decoration-line: none;\">中华人民共和国教育部</a>直属，中央直管<a target=\"_blank\" href=\"https://baike.baidu.com/item/%E5%89%AF%E9%83%A8%E7%BA%A7/6817383\" style=\"color: rgb(19, 110, 194); text-decoration-line: none;\">副部级</a>建制，是<a target=\"_blank\" href=\"https://baike.baidu.com/item/%E6%95%99%E8%82%B2%E9%83%A8/239078\" style=\"color: rgb(19, 110, 194); text-decoration-line: none;\">教育部</a>、<a target=\"_blank\" href=\"https://baike.baidu.com/item/%E5%9B%BD%E5%AE%B6%E5%9B%BD%E9%98%B2%E7%A7%91%E6%8A%80%E5%B7%A5%E4%B8%9A%E5%B1%80/4696487\" style=\"color: rgb(19, 110, 194); text-decoration-line: none;\">国家国防科技工业局</a>和<a target=\"_blank\" href=\"https://baike.baidu.com/item/%E5%B9%BF%E4%B8%9C%E7%9C%81/132473\" style=\"color: rgb(19, 110, 194); text-decoration-line: none;\">广东省</a>共建的<a target=\"_blank\" href=\"https://baike.baidu.com/item/%E5%85%A8%E5%9B%BD%E9%87%8D%E7%82%B9%E5%A4%A7%E5%AD%A6/2154589\" style=\"color: rgb(19, 110, 194); text-decoration-line: none;\">全国重点大学</a>，位列首批国家“<a target=\"_blank\" href=\"https://baike.baidu.com/item/%E5%8F%8C%E4%B8%80%E6%B5%81/19394525\" style=\"color: rgb(19, 110, 194); text-decoration-line: none;\">双一流</a>”A类、“<a target=\"_blank\" href=\"https://baike.baidu.com/item/985%E5%B7%A5%E7%A8%8B/1077915\" style=\"color: rgb(19, 110, 194); text-decoration-line: none;\">985工程</a>”、“<a target=\"_blank\" href=\"https://baike.baidu.com/item/211%E5%B7%A5%E7%A8%8B/203547\" style=\"color: rgb(19, 110, 194); text-decoration-line: none;\">211工程</a>”，入选“<a target=\"_blank\" href=\"https://baike.baidu.com/item/%E7%8F%A0%E5%B3%B0%E8%AE%A1%E5%88%92/4156302\" style=\"color: rgb(19, 110, 194); text-decoration-line: none;\">珠峰计划</a>”、“<a target=\"_blank\" href=\"https://baike.baidu.com/item/111%E8%AE%A1%E5%88%92\" style=\"color: rgb(19, 110, 194); text-decoration-line: none;\">111计划</a>”、“<a target=\"_blank\" href=\"https://baike.baidu.com/item/%E5%8D%93%E8%B6%8A%E6%B3%95%E5%BE%8B%E4%BA%BA%E6%89%8D%E6%95%99%E8%82%B2%E5%9F%B9%E5%85%BB%E8%AE%A1%E5%88%92/9781317\" style=\"color: rgb(19, 110, 194); text-decoration-line: none;\">卓越法律人才教育培养计划</a>”、“<a target=\"_blank\" href=\"https://baike.baidu.com/item/%E5%8D%93%E8%B6%8A%E5%8C%BB%E7%94%9F%E6%95%99%E8%82%B2%E5%9F%B9%E5%85%BB%E8%AE%A1%E5%88%92/3805307\" style=\"color: rgb(19, 110, 194); text-decoration-line: none;\">卓越医生教育培养计划</a>”、“<a target=\"_blank\" href=\"https://baike.baidu.com/item/%E5%9B%BD%E5%AE%B6%E5%BB%BA%E8%AE%BE%E9%AB%98%E6%B0%B4%E5%B9%B3%E5%A4%A7%E5%AD%A6%E5%85%AC%E6%B4%BE%E7%A0%94%E7%A9%B6%E7%94%9F%E9%A1%B9%E7%9B%AE/819876\" style=\"color: rgb(19, 110, 194); text-decoration-line: none;\">国家建设高水平大学公派研究生项目</a>”、“<a target=\"_blank\" href=\"https://baike.baidu.com/item/%E4%B8%AD%E5%9B%BD%E6%94%BF%E5%BA%9C%E5%A5%96%E5%AD%A6%E9%87%91%E6%9D%A5%E5%8D%8E%E7%95%99%E5%AD%A6%E7%94%9F%E6%8E%A5%E6%94%B6%E9%99%A2%E6%A0%A1/15447730\" style=\"color: rgb(19, 110, 194); text-decoration-line: none;\">中国政府奖学金来华留学生接收院校</a>”、”<a target=\"_blank\" href=\"https://baike.baidu.com/item/%E5%85%A8%E5%9B%BD%E6%B7%B1%E5%8C%96%E5%88%9B%E6%96%B0%E5%88%9B%E4%B8%9A%E6%95%99%E8%82%B2%E6%94%B9%E9%9D%A9%E7%A4%BA%E8%8C%83%E9%AB%98%E6%A0%A1/22051296\" style=\"color: rgb(19, 110, 194); text-decoration-line: none;\">全国深化创新创业教育改革示范高校</a>“。学校已经成为一所国内一流、国际知名的现代综合性大学，正努力成为全球学术重镇。</p><p>学校有18个学科领域进入<a target=\"_blank\" href=\"https://baike.baidu.com/item/ESI/3812216\" style=\"color: rgb(19, 110, 194); text-decoration-line: none;\">ESI</a>世界前1%，学科领域数量位居国内高校第2位，其中有14个学科领域进入前0.5%，2个学科领域进入前0.1%。在第三轮全国<a target=\"_blank\" href=\"https://baike.baidu.com/item/%E5%AD%A6%E7%A7%91%E8%AF%84%E4%BC%B0\" style=\"color: rgb(19, 110, 194); text-decoration-line: none;\">学科评估</a>中，33个参评学科有16个学科进入水平排名前5，32个学科进入水平排名前10。</p><p>现有院士（含双聘）20人，国家“<a target=\"_blank\" href=\"https://baike.baidu.com/item/%E5%8D%83%E4%BA%BA%E8%AE%A1%E5%88%92\" style=\"color: rgb(19, 110, 194); text-decoration-line: none;\">千人计划</a>”专家119人、“<a target=\"_blank\" href=\"https://baike.baidu.com/item/%E9%95%BF%E6%B1%9F%E5%AD%A6%E8%80%85/3501759\" style=\"color: rgb(19, 110, 194); text-decoration-line: none;\">长江学者</a>”特聘教授46人、“长江学者”青年学者14人、<a target=\"_blank\" href=\"https://baike.baidu.com/item/%E5%9B%BD%E5%AE%B6%E6%9D%B0%E5%87%BA%E9%9D%92%E5%B9%B4%E7%A7%91%E5%AD%A6%E5%9F%BA%E9%87%91/5838391\" style=\"color: rgb(19, 110, 194); text-decoration-line: none;\">国家杰出青年科学基金</a>获得者81人，“<a target=\"_blank\" href=\"https://baike.baidu.com/item/%E7%99%BE%E5%8D%83%E4%B8%87%E4%BA%BA%E6%89%8D%E5%B7%A5%E7%A8%8B/1616760\" style=\"color: rgb(19, 110, 194); text-decoration-line: none;\">百千万人才工程</a>” 国家级人选28人，教育部<a target=\"_blank\" href=\"https://baike.baidu.com/item/%E6%96%B0%E4%B8%96%E7%BA%AA%E4%BC%98%E7%A7%80%E4%BA%BA%E6%89%8D%E6%94%AF%E6%8C%81%E8%AE%A1%E5%88%92\" style=\"color: rgb(19, 110, 194); text-decoration-line: none;\">新世纪优秀人才支持计划</a>170人，历次主持“973”项目和重大科学研究项目的首席科学家20人次。<span class=\"sup--normal\" style=\"font-size: 12px; line-height: 0; position: relative; vertical-align: baseline; top: -0.5em; margin-left: 2px; color: rgb(51, 102, 204); cursor: pointer; padding: 0px 2px;\">&nbsp;[1]</span><a class=\"sup-anchor\" style=\"color: rgb(19, 110, 194); position: relative; top: -50px; font-size: 0px; line-height: 0;\">&nbsp;</a>&nbsp;<span class=\"sup--normal\" style=\"font-size: 12px; line-height: 0; position: relative; vertical-align: baseline; top: -0.5em; margin-left: 2px; color: rgb(51, 102, 204); cursor: pointer; padding: 0px 2px;\">[4]</span><a class=\"sup-anchor\" style=\"color: rgb(19, 110, 194); position: relative; top: -50px; font-size: 0px; line-height: 0;\">&nbsp;</a>&nbsp;拥有10个国家级人才培养基地，经济管理等多个本科专业通过了国内、国际认证。学校现由广州校区、珠海校区、深圳校区三个校区、五个校园及十家附属医院组成。</p><p><br/></p>', '17', '2019-04-09 00:47:00');
INSERT INTO `new_note` VALUES ('15', '10', '西安交通大学简介', '<p><span style=\"font-weight: 700;\">西安交通大学</span>（<em>Xi’an Jiaotong University</em>）简称“西安交大”，位于古都<a target=\"_blank\" href=\"https://baike.baidu.com/item/%E8%A5%BF%E5%AE%89/121614\" style=\"color: rgb(19, 110, 194); text-decoration-line: none;\">西安</a>，是<a target=\"_blank\" href=\"https://baike.baidu.com/item/%E4%B8%AD%E5%8D%8E%E4%BA%BA%E6%B0%91%E5%85%B1%E5%92%8C%E5%9B%BD%E6%95%99%E8%82%B2%E9%83%A8/3507526\" style=\"color: rgb(19, 110, 194); text-decoration-line: none;\">中华人民共和国教育部</a>直属、中央直管副部级建制的综合性研究型全国重点大学，由教育部与<a target=\"_blank\" href=\"https://baike.baidu.com/item/%E5%9B%BD%E5%AE%B6%E5%9B%BD%E9%98%B2%E7%A7%91%E6%8A%80%E5%B7%A5%E4%B8%9A%E5%B1%80/4696487\" style=\"color: rgb(19, 110, 194); text-decoration-line: none;\">国家国防科技工业局</a>共建，入选国家“七五”、“八五”首批重点建设高校、“<a target=\"_blank\" href=\"https://baike.baidu.com/item/211%E5%B7%A5%E7%A8%8B/203547\" style=\"color: rgb(19, 110, 194); text-decoration-line: none;\">211工程</a>”首批重点建设的七所高校、“<a target=\"_blank\" href=\"https://baike.baidu.com/item/985%E5%B7%A5%E7%A8%8B/1077915\" style=\"color: rgb(19, 110, 194); text-decoration-line: none;\">985工程</a>”首批重点建设的九所高校、<a target=\"_blank\" href=\"https://baike.baidu.com/item/%E4%B8%96%E7%95%8C%E4%B8%80%E6%B5%81%E5%A4%A7%E5%AD%A6%E5%BB%BA%E8%AE%BE%E9%AB%98%E6%A0%A1/22189945\" style=\"color: rgb(19, 110, 194); text-decoration-line: none;\">世界一流大学建设高校</a>A类，中国<a target=\"_blank\" href=\"https://baike.baidu.com/item/%E4%B9%9D%E6%A0%A1%E8%81%94%E7%9B%9F\" style=\"color: rgb(19, 110, 194); text-decoration-line: none;\">九校联盟</a>（C9）、<a target=\"_blank\" href=\"https://baike.baidu.com/item/%E4%B8%AD%E5%9B%BD%E5%A4%A7%E5%AD%A6%E6%A0%A1%E9%95%BF%E8%81%94%E8%B0%8A%E4%BC%9A/9327515\" style=\"color: rgb(19, 110, 194); text-decoration-line: none;\">中国大学校长联谊会</a>、<a target=\"_blank\" href=\"https://baike.baidu.com/item/%E4%B8%AD%E4%BF%84%E4%BA%A4%E9%80%9A%E5%A4%A7%E5%AD%A6%E8%81%94%E7%9B%9F/18639512\" style=\"color: rgb(19, 110, 194); text-decoration-line: none;\">中俄交通大学联盟</a>成员，“<a target=\"_blank\" href=\"https://baike.baidu.com/item/%E7%8F%A0%E5%B3%B0%E8%AE%A1%E5%88%92/4156302\" style=\"color: rgb(19, 110, 194); text-decoration-line: none;\">珠峰计划</a>”首批11所名校之一，入选首批<a target=\"_blank\" href=\"https://baike.baidu.com/item/%E5%8D%93%E8%B6%8A%E5%B7%A5%E7%A8%8B%E5%B8%88%E6%95%99%E8%82%B2%E5%9F%B9%E5%85%BB%E8%AE%A1%E5%88%92\" style=\"color: rgb(19, 110, 194); text-decoration-line: none;\">卓越工程师教育培养计划</a>、<a target=\"_blank\" href=\"https://baike.baidu.com/item/%E6%95%99%E8%82%B2%E9%83%A8%E6%9D%A5%E5%8D%8E%E7%95%99%E5%AD%A6%E7%A4%BA%E8%8C%83%E5%9F%BA%E5%9C%B0/19650396\" style=\"color: rgb(19, 110, 194); text-decoration-line: none;\">教育部来华留学示范基地</a>、<a target=\"_blank\" href=\"https://baike.baidu.com/item/111%E8%AE%A1%E5%88%92/10958807\" style=\"color: rgb(19, 110, 194); text-decoration-line: none;\">111计划</a>、<a target=\"_blank\" href=\"https://baike.baidu.com/item/%E5%9B%BD%E5%AE%B6%E5%BB%BA%E8%AE%BE%E9%AB%98%E6%B0%B4%E5%B9%B3%E5%A4%A7%E5%AD%A6%E5%85%AC%E6%B4%BE%E7%A0%94%E7%A9%B6%E7%94%9F%E9%A1%B9%E7%9B%AE/819876\" style=\"color: rgb(19, 110, 194); text-decoration-line: none;\">国家建设高水平大学公派研究生项目</a>，是<a target=\"_blank\" href=\"https://baike.baidu.com/item/2011%E8%AE%A1%E5%88%92/2913309\" style=\"color: rgb(19, 110, 194); text-decoration-line: none;\">2011计划</a>、<a target=\"_blank\" href=\"https://baike.baidu.com/item/%E9%AB%98%E7%AB%AF%E5%88%B6%E9%80%A0%E8%A3%85%E5%A4%87%E5%8D%8F%E5%90%8C%E5%88%9B%E6%96%B0%E4%B8%AD%E5%BF%83/8443470\" style=\"color: rgb(19, 110, 194); text-decoration-line: none;\">高端制造装备协同创新中心</a>牵头高校，<a target=\"_blank\" href=\"https://baike.baidu.com/item/%E6%96%B0%E4%B8%9D%E7%BB%B8%E4%B9%8B%E8%B7%AF%E5%A4%A7%E5%AD%A6%E8%81%94%E7%9B%9F/17604212\" style=\"color: rgb(19, 110, 194); text-decoration-line: none;\">新丝绸之路大学联盟</a>发起高校。</p><p>西安交通大学为中国最早兴办的高等学府之一，肇始于1896年创建于上海的<a target=\"_blank\" href=\"https://baike.baidu.com/item/%E5%8D%97%E6%B4%8B%E5%85%AC%E5%AD%A6/1071488\" style=\"color: rgb(19, 110, 194); text-decoration-line: none;\">南洋公学</a>，1921年改称<a target=\"_blank\" href=\"https://baike.baidu.com/item/%E4%BA%A4%E9%80%9A%E5%A4%A7%E5%AD%A6\" style=\"color: rgb(19, 110, 194); text-decoration-line: none;\">交通大学</a>，1956年国务院决定交通大学内迁西安，为交通大学西安部分，1959年定名西安交通大学。</p><p>截至2018年7月，学校兴庆、雁塔、曲江三个校区占地约3000亩，中国西部科技创新港占地5000亩，有27个学院、9个本科生书院，82个本科专业；31个一级学科、154个二级学科博士点，45个一级学科、242个二级学科硕士点、22个硕士专业学位授权点，25个博士后科研流动站；5个国家重点实验室；一级学科国家重点学科8个，列全国第七；14个学科进入世界学术机构前1%，2个学科进入前1‰；教职工近6000人，其中专任教师3070余人。全日制在校生38000余人，其中研究生近19000人<a class=\"sup-anchor\" style=\"color: rgb(19, 110, 194); position: relative; top: -50px; font-size: 0px; line-height: 0;\">&nbsp;</a>&nbsp;。</p><p><br/></p>', '17', '2019-04-09 00:51:11');
INSERT INTO `new_note` VALUES ('16', '11', '香港中文大学简介', '<p>香港中文大学（The Chinese University of Hong Kong），简称港中大（CUHK），<a target=\"_blank\" href=\"https://baike.baidu.com/item/%E4%B9%A6%E9%99%A2%E5%88%B6\" style=\"color: rgb(19, 110, 194); text-decoration-line: none;\">书院制</a>大学建制，为<a target=\"_blank\" href=\"https://baike.baidu.com/item/%E4%B8%96%E7%95%8C%E5%A4%A7%E5%AD%A6%E8%81%94%E7%9B%9F/4564339\" style=\"color: rgb(19, 110, 194); text-decoration-line: none;\">世界大学联盟</a>、<a target=\"_blank\" href=\"https://baike.baidu.com/item/%E7%8E%AF%E5%A4%AA%E5%B9%B3%E6%B4%8B%E5%A4%A7%E5%AD%A6%E8%81%94%E7%9B%9F/4603258\" style=\"color: rgb(19, 110, 194); text-decoration-line: none;\">环太平洋大学联盟</a>、<a target=\"_blank\" href=\"https://baike.baidu.com/item/%E4%BA%9A%E5%A4%AA%E5%9B%BD%E9%99%85%E6%95%99%E8%82%B2%E5%8D%8F%E4%BC%9A/8650942\" style=\"color: rgb(19, 110, 194); text-decoration-line: none;\">亚太国际教育协会</a>、<a target=\"_blank\" href=\"https://baike.baidu.com/item/%E4%B8%AD%E5%9B%BD%E5%A4%A7%E5%AD%A6%E6%A0%A1%E9%95%BF%E8%81%94%E8%B0%8A%E4%BC%9A/9327515\" style=\"color: rgb(19, 110, 194); text-decoration-line: none;\">中国大学校长联谊会</a>、<a target=\"_blank\" href=\"https://baike.baidu.com/item/%E4%BA%AC%E6%B8%AF%E5%A4%A7%E5%AD%A6%E8%81%94%E7%9B%9F/22488054\" style=\"color: rgb(19, 110, 194); text-decoration-line: none;\">京港大学联盟</a>和<a target=\"_blank\" href=\"https://baike.baidu.com/item/%E7%B2%A4%E6%B8%AF%E6%BE%B3%E9%AB%98%E6%A0%A1%E8%81%94%E7%9B%9F/20213502\" style=\"color: rgb(19, 110, 194); text-decoration-line: none;\">粤港澳高校联盟</a>重要成员<span class=\"sup--normal\" style=\"font-size: 12px; line-height: 0; position: relative; vertical-align: baseline; top: -0.5em; margin-left: 2px; color: rgb(51, 102, 204); cursor: pointer; padding: 0px 2px;\">&nbsp;</span>，亚洲首家<a target=\"_blank\" href=\"https://baike.baidu.com/item/AACSB\" style=\"color: rgb(19, 110, 194); text-decoration-line: none;\">AACSB</a>认证成员，是一所以“中国研究”、“生物医学科学”、“信息科学”、“经济与金融”、“地球信息与地球科学”等为重点研究领域的研究型<a target=\"_blank\" href=\"https://baike.baidu.com/item/%E7%BB%BC%E5%90%88%E5%A4%A7%E5%AD%A6/230720\" style=\"color: rgb(19, 110, 194); text-decoration-line: none;\">综合大学</a>，并在这些领域堪称世界级学术重镇。</p><p>香港中文大学由<a target=\"_blank\" href=\"https://baike.baidu.com/item/%E6%96%B0%E4%BA%9A%E4%B9%A6%E9%99%A2/2790878\" style=\"color: rgb(19, 110, 194); text-decoration-line: none;\">新亚书院</a>、<a target=\"_blank\" href=\"https://baike.baidu.com/item/%E5%B4%87%E5%9F%BA%E5%AD%A6%E9%99%A2/8481634\" style=\"color: rgb(19, 110, 194); text-decoration-line: none;\">崇基学院</a>及<a target=\"_blank\" href=\"https://baike.baidu.com/item/%E8%81%94%E5%90%88%E4%B9%A6%E9%99%A2/8481559\" style=\"color: rgb(19, 110, 194); text-decoration-line: none;\">联合书院</a>于1963年合并组成；1966年，成立香港首所<a target=\"_blank\" href=\"https://baike.baidu.com/item/%E7%A0%94%E7%A9%B6%E9%99%A2/5365502\" style=\"color: rgb(19, 110, 194); text-decoration-line: none;\">研究院</a>；1976年，整合不同书院的学系，由大学统一负责；1986年，全面检讨课程结构，改用<a target=\"_blank\" href=\"https://baike.baidu.com/item/%E5%AD%A6%E5%88%86%E5%88%B6/87418\" style=\"color: rgb(19, 110, 194); text-decoration-line: none;\">学分制</a>，并加强<a target=\"_blank\" href=\"https://baike.baidu.com/item/%E9%80%9A%E8%AF%86%E6%95%99%E8%82%B2/10792170\" style=\"color: rgb(19, 110, 194); text-decoration-line: none;\">通识教育</a>；1998年，率全港之先录取内地本科生。</p><p>香港中文大学的创立打破了<a target=\"_blank\" href=\"https://baike.baidu.com/item/%E5%A4%A7%E8%8B%B1%E5%B8%9D%E5%9B%BD/1758667\" style=\"color: rgb(19, 110, 194); text-decoration-line: none;\">大英帝国</a>殖民地近五百年来只允许一所高等学府存在的铁律，是20世纪亚洲地区“<a target=\"_blank\" href=\"https://baike.baidu.com/item/%E9%9D%9E%E6%AE%96%E6%B0%91%E5%8C%96/2860575\" style=\"color: rgb(19, 110, 194); text-decoration-line: none;\">非殖民化</a>”的表征之一。中大的出现掀起了香港七十年代的“<a target=\"_blank\" href=\"https://baike.baidu.com/item/%E4%B8%AD%E6%96%87%E8%BF%90%E5%8A%A8/4968308\" style=\"color: rgb(19, 110, 194); text-decoration-line: none;\">中文运动</a>”，成功终结了英文垄断官方语言地位的局面，具有一定的时代意义。</p><p>作为香港乃至亚洲首屈一指的高等学府和当代<a target=\"_blank\" href=\"https://baike.baidu.com/item/%E6%96%B0%E5%84%92%E5%AE%B6\" style=\"color: rgb(19, 110, 194); text-decoration-line: none;\">新儒家</a>的主要阵地，中大先后聚集了<a target=\"_blank\" href=\"https://baike.baidu.com/item/%E9%92%B1%E7%A9%86/119716\" style=\"color: rgb(19, 110, 194); text-decoration-line: none;\">钱穆</a>、<a target=\"_blank\" href=\"https://baike.baidu.com/item/%E6%9D%A8%E6%B1%9D%E6%A2%85/10969263\" style=\"color: rgb(19, 110, 194); text-decoration-line: none;\">杨汝梅</a>、<a target=\"_blank\" href=\"https://baike.baidu.com/item/%E6%9E%97%E8%AF%AD%E5%A0%82/384149\" style=\"color: rgb(19, 110, 194); text-decoration-line: none;\">林语堂</a>、<a target=\"_blank\" href=\"https://baike.baidu.com/item/%E8%83%A1%E7%A7%80%E8%8B%B1/9686\" style=\"color: rgb(19, 110, 194); text-decoration-line: none;\">胡秀英</a>、<a target=\"_blank\" href=\"https://baike.baidu.com/item/%E9%AB%98%E9%94%9F/2379513\" style=\"color: rgb(19, 110, 194); text-decoration-line: none;\">高锟</a>、<a target=\"_blank\" href=\"https://baike.baidu.com/item/%E9%A5%B6%E5%AE%97%E9%A2%90/1069601\" style=\"color: rgb(19, 110, 194); text-decoration-line: none;\">饶宗颐</a>、<a target=\"_blank\" href=\"https://baike.baidu.com/item/%E5%88%98%E6%AE%BF%E7%88%B5/662970\" style=\"color: rgb(19, 110, 194); text-decoration-line: none;\">刘殿爵</a>、<a target=\"_blank\" href=\"https://baike.baidu.com/item/%E8%8E%AB%E9%87%8C%E6%96%AF/10434767\" style=\"color: rgb(19, 110, 194); text-decoration-line: none;\">莫里斯</a>、<a target=\"_blank\" href=\"https://baike.baidu.com/item/%E6%9D%A8%E6%8C%AF%E5%AE%81/121170\" style=\"color: rgb(19, 110, 194); text-decoration-line: none;\">杨振宁</a>、<a target=\"_blank\" href=\"https://baike.baidu.com/item/%E8%92%99%E4%BB%A3%E5%B0%94/2728655\" style=\"color: rgb(19, 110, 194); text-decoration-line: none;\">蒙代尔</a>、<a target=\"_blank\" href=\"https://baike.baidu.com/item/%E5%A7%9A%E6%9C%9F%E6%99%BA/10170340\" style=\"color: rgb(19, 110, 194); text-decoration-line: none;\">姚期智</a>、<a target=\"_blank\" href=\"https://baike.baidu.com/item/%E7%99%BD%E5%85%88%E5%8B%87/66881\" style=\"color: rgb(19, 110, 194); text-decoration-line: none;\">白先勇</a>等一大批学术巨匠，培养了以史学家<a target=\"_blank\" href=\"https://baike.baidu.com/item/%E4%BD%99%E8%8B%B1%E6%97%B6/1359772\" style=\"color: rgb(19, 110, 194); text-decoration-line: none;\">余英时</a>、数学家<a target=\"_blank\" href=\"https://baike.baidu.com/item/%E4%B8%98%E6%88%90%E6%A1%90/638825\" style=\"color: rgb(19, 110, 194); text-decoration-line: none;\">丘成桐</a>、银行家<a target=\"_blank\" href=\"https://baike.baidu.com/item/%E9%83%91%E6%B5%B7%E6%B3%89/6573119\" style=\"color: rgb(19, 110, 194); text-decoration-line: none;\">郑海泉</a>等为代表的各界杰出人才。</p><p>截至2017年，校园面积137.3公顷，建筑面积711267平方米；辖9个书院、8个学院及研究院，共有58个学系和32个主要研究所，在校学生20277人。</p><p><br/></p>', '17', '2019-04-09 00:52:37');
INSERT INTO `new_note` VALUES ('17', '4', 'good', '<p>very good</p>', '13', '2019-04-10 08:50:05');
INSERT INTO `new_note` VALUES ('18', '4', 'ok', '<p>OK!!!</p>', '16', '2019-04-10 08:51:12');
INSERT INTO `new_note` VALUES ('19', '4', '大家好呀', '<p>早上好！</p>', '13', '2019-04-10 09:00:13');
INSERT INTO `new_note` VALUES ('20', '4', '大家好哟', '<p>晚上好。</p>', '13', '2019-04-10 09:00:34');

-- ----------------------------
-- Table structure for `new_reply`
-- ----------------------------
DROP TABLE IF EXISTS `new_reply`;
CREATE TABLE `new_reply` (
  `replyId` int(50) NOT NULL AUTO_INCREMENT COMMENT '回复编号',
  `userId` int(255) NOT NULL COMMENT '用户名称',
  `noteId` int(11) NOT NULL COMMENT '文章编号',
  `reply` text NOT NULL COMMENT '回复信息',
  `replyTime` timestamp NOT NULL DEFAULT '0000-00-00 00:00:00' ON UPDATE CURRENT_TIMESTAMP,
  PRIMARY KEY (`replyId`)
) ENGINE=InnoDB AUTO_INCREMENT=2 DEFAULT CHARSET=utf8;

-- ----------------------------
-- Records of new_reply
-- ----------------------------
INSERT INTO `new_reply` VALUES ('1', '1', '1', '萌新准备上大学了', '0000-00-00 00:00:00');

-- ----------------------------
-- Table structure for `new_school`
-- ----------------------------
DROP TABLE IF EXISTS `new_school`;
CREATE TABLE `new_school` (
  `schId` varchar(1000) NOT NULL DEFAULT '000' COMMENT '大学编号school_Id',
  `schName` varchar(500) NOT NULL COMMENT '学校名称',
  `schLocal` varchar(100) NOT NULL COMMENT '学校所在地（大区域）',
  PRIMARY KEY (`schId`)
) ENGINE=InnoDB DEFAULT CHARSET=utf8;

-- ----------------------------
-- Records of new_school
-- ----------------------------
INSERT INTO `new_school` VALUES ('000', '萌新', '0');
INSERT INTO `new_school` VALUES ('10001', '北京大学', '2');
INSERT INTO `new_school` VALUES ('10003', '清华大学', '2');
INSERT INTO `new_school` VALUES ('10034', '中央财经大学', '2');
INSERT INTO `new_school` VALUES ('10055', '天津南开大学', '2');
INSERT INTO `new_school` VALUES ('10075', '河北大学', '2');
INSERT INTO `new_school` VALUES ('10126', '内蒙古大学', '1');
INSERT INTO `new_school` VALUES ('10140', '辽宁大学', '1');
INSERT INTO `new_school` VALUES ('10183', '吉林大学', '1');
INSERT INTO `new_school` VALUES ('10213', '哈尔滨工业大学', '1');
INSERT INTO `new_school` VALUES ('10246', '上海复旦大学', '3');
INSERT INTO `new_school` VALUES ('10247', '上海同济大学', '3');
INSERT INTO `new_school` VALUES ('10284', '南京大学', '3');
INSERT INTO `new_school` VALUES ('10286', '东南大学', '3');
INSERT INTO `new_school` VALUES ('10384', '厦门大学', '5');
INSERT INTO `new_school` VALUES ('10459', '河南郑州大学', '4');
INSERT INTO `new_school` VALUES ('10486', '湖北武汉大学', '4');
INSERT INTO `new_school` VALUES ('10532', '湖南大学', '4');
INSERT INTO `new_school` VALUES ('10558', '中山大学', '5');
INSERT INTO `new_school` VALUES ('10589', '海南大学', '5');
INSERT INTO `new_school` VALUES ('10593', '广西大学', '5');
INSERT INTO `new_school` VALUES ('10610', '四川大学', '7');
INSERT INTO `new_school` VALUES ('10611', '重庆大学', '7');
INSERT INTO `new_school` VALUES ('10657', '贵州大学', '7');
INSERT INTO `new_school` VALUES ('10694', '西藏大学', '7');
INSERT INTO `new_school` VALUES ('10698', '西安交通大学', '6');
INSERT INTO `new_school` VALUES ('10730', '兰州大学', '6');
INSERT INTO `new_school` VALUES ('10743', '青海大学', '6');
INSERT INTO `new_school` VALUES ('10749', '宁夏大学', '6');
INSERT INTO `new_school` VALUES ('10996', '香港中文大学', '8');
INSERT INTO `new_school` VALUES ('10997', '澳门大学', '8');
INSERT INTO `new_school` VALUES ('10998', '香港大学', '8');
INSERT INTO `new_school` VALUES ('10999', '国立中山大学', '8');
INSERT INTO `new_school` VALUES ('11902', '江西南昌大学', '4');

-- ----------------------------
-- Table structure for `new_type`
-- ----------------------------
DROP TABLE IF EXISTS `new_type`;
CREATE TABLE `new_type` (
  `typeId` int(100) NOT NULL AUTO_INCREMENT COMMENT '帖子主题类型',
  `typeName` varchar(100) NOT NULL COMMENT '主题名称',
  `schId` varchar(1000) NOT NULL COMMENT '学校编号（哪个学校发布的主题）',
  PRIMARY KEY (`typeId`)
) ENGINE=InnoDB AUTO_INCREMENT=18 DEFAULT CHARSET=utf8;

-- ----------------------------
-- Records of new_type
-- ----------------------------
INSERT INTO `new_type` VALUES ('1', '萌新求教', '000');
INSERT INTO `new_type` VALUES ('2', '清华门', '10003');
INSERT INTO `new_type` VALUES ('3', '世界屋脊', '10694');
INSERT INTO `new_type` VALUES ('4', '美丽的家园', '10694');
INSERT INTO `new_type` VALUES ('6', 'adawd', '10694');
INSERT INTO `new_type` VALUES ('8', 'aaa', '000');
INSERT INTO `new_type` VALUES ('11', 'qsqs', '000');
INSERT INTO `new_type` VALUES ('12', 'asdad', '10694');
INSERT INTO `new_type` VALUES ('13', 'AABB', '10694');
INSERT INTO `new_type` VALUES ('14', 'AAA', '10694');
INSERT INTO `new_type` VALUES ('15', 'aaaqqq', '10694');
INSERT INTO `new_type` VALUES ('16', 'aaaqdaea3a', '10694');
INSERT INTO `new_type` VALUES ('17', '迎新介绍', '10246');

-- ----------------------------
-- Table structure for `new_user`
-- ----------------------------
DROP TABLE IF EXISTS `new_user`;
CREATE TABLE `new_user` (
  `userId` int(255) NOT NULL AUTO_INCREMENT COMMENT '用户Id',
  `uName` varchar(50) NOT NULL COMMENT '用户名',
  `uPwd` varchar(50) NOT NULL COMMENT '用户密码',
  `head` varchar(200) DEFAULT NULL,
  `nick` varchar(50) DEFAULT NULL COMMENT '昵称',
  `mood` varchar(500) DEFAULT NULL,
  `schId` varchar(1000) NOT NULL DEFAULT '000' COMMENT '大学编号school_Id',
  PRIMARY KEY (`userId`)
) ENGINE=InnoDB AUTO_INCREMENT=12 DEFAULT CHARSET=utf8;

-- ----------------------------
-- Records of new_user
-- ----------------------------
INSERT INTO `new_user` VALUES ('1', 'zhangsan', 'DIjVZpTC+zvMQW4SLBBy6w==', null, '张三三', '我思故我在', '000');
INSERT INTO `new_user` VALUES ('2', 'lisi', 'DIjVZpTC+zvMQW4SLBBy6w==', null, 'aaa', 'hahaha', '10003');
INSERT INTO `new_user` VALUES ('3', 'wangwu', 'QmIQTGl40wIkd4W4Mfh5Lw==', null, '王五', '2333', '10694');
INSERT INTO `new_user` VALUES ('4', 'admin', 'DIjVZpTC+zvMQW4SLBBy6w==', null, 'admin', 'HelloWord', '10694');
INSERT INTO `new_user` VALUES ('5', 'aaa', '3zfStIJhFeqNVVHlnnvm0Q==', null, '666', '啊啊啊', '10213');
INSERT INTO `new_user` VALUES ('6', 'qsqdw', 'etmNgGevI4QH3MQOvlzDwg==', null, '啊', '啊啊啊啊', '10755');
INSERT INTO `new_user` VALUES ('7', 'test5', 'DIjVZpTC+zvMQW4SLBBy6w==', null, '中山', '中山大学', '10558');
INSERT INTO `new_user` VALUES ('8', 'test4', 'DIjVZpTC+zvMQW4SLBBy6w==', null, '中', '郑州大学', '10459');
INSERT INTO `new_user` VALUES ('9', 'test3', 'DIjVZpTC+zvMQW4SLBBy6w==', null, '震旦', '复旦', '10246');
INSERT INTO `new_user` VALUES ('10', 'test6', 'DIjVZpTC+zvMQW4SLBBy6w==', null, '西安交通大学', '西安交通大学', '10698');
INSERT INTO `new_user` VALUES ('11', 'test8', 'DIjVZpTC+zvMQW4SLBBy6w==', null, '你好', '香港中文大学', '10996');
